_,id,title,photo,date,creator,left,broadcast,verified,megagroup,restricted,signatures,min,scam,has_link,has_geo,slowmode_enabled,call_active,call_not_empty,fake,gigagroup,noforwards,join_to_send,join_request,forum,stories_hidden,stories_hidden_min,stories_unavailable,access_hash,username,restriction_reason,admin_rights,banned_rights,default_banned_rights,participants_count,usernames,stories_max_id,color,counter,from_messages,channel_request,channel_req_targeted_by,source
Channel,1412053777,Charlie Kirk,"{'_': 'ChatPhoto', 'photo_id': 3526623782077835182, 'dc_id': 1, 'has_video': False, 'stripped_thumb': b'\x01\x08\x08\xd0\x13\xc4\xd2\xab\x89>O\xba\x0fbh\xa2\x8aC?'}",2019-06-25 03:41:19+00:00,False,True,True,True,False,False,False,False,False,True,False,False,False,False,False,False,False,False,False,False,False,True,True,4479624393685092681,CharlieKirk,[],,,,161497,[],,,132,131,1,{'channels': ['self']},['CharlieKirk']
Channel,1453677131,KanekoaTheGreat,"{'_': 'ChatPhoto', 'photo_id': 4960893510320499086, 'dc_id': 1, 'has_video': False, 'stripped_thumb': b'\x01\x08\x08\xaew\x08v\x81\xceh\xa2\x8a\x94Q'}",2021-05-12 04:24:49+00:00,False,True,True,False,False,False,False,False,False,True,False,False,False,False,False,False,False,False,False,False,False,True,True,-7765345241891247387,KanekoaTheGreat,[],,,,183550,[],,,7,7,0,{'channels': ['self']},['CharlieKirk']
Channel,1321032251,KanekoaChat,"{'_': 'ChatPhoto', 'photo_id': 4965718579660040496, 'dc_id': 1, 'has_video': False, 'stripped_thumb': b'\x01\x08\x08\xaew\x08J\x81\xceh\xa2\x8a\x92\x8f'}",2021-05-13 20:43:54+00:00,False,True,False,False,True,False,False,False,False,True,False,False,False,False,False,False,False,False,False,False,False,True,True,-2128050329058743447,KanekoaChat,[],,,"{'_': 'ChatBannedRights', 'until_date': datetime.datetime(2038, 1, 19, 3, 14, 7, tzinfo=datetime.timezone.utc), 'view_messages': False, 'send_messages': False, 'send_media': True, 'send_stickers': False, 'send_gifs': False, 'send_games': False, 'send_inline': False, 'embed_links': True, 'send_polls': True, 'change_info': True, 'invite_users': True, 'pin_messages': True, 'manage_topics': False, 'send_photos': True, 'send_videos': True, 'send_roundvideos': True, 'send_audios': True, 'send_voices': True, 'send_docs': True, 'send_plain': False}",3349,[],,,1,0,1,{'channels': ['KanekoaTheGreat']},['CharlieKirk']
Channel,1391253363,Midnight Rider Channel üá∫üá∏,"{'_': 'ChatPhoto', 'photo_id': 5082404633409858754, 'dc_id': 1, 'has_video': False, 'stripped_thumb': b""\x01\x08\x08\xa4V\x01\x0eG'\x1d\xcfz(\xa2\x80g""}",2021-01-19 04:53:59+00:00,False,True,True,False,False,False,False,False,False,True,False,False,False,False,False,False,False,False,False,False,False,True,True,-4456163437214263532,realKarliBonne,[],,,,198504,[],,,43,43,0,{'channels': ['self']},['CharlieKirk']
Channel,1179270258,Disclose.tv,"{'_': 'ChatPhoto', 'photo_id': 5393580215210457318, 'dc_id': 2, 'has_video': False, 'stripped_thumb': b'\x01\x08\x08\x83\xfd\x03\xec{\xb6\xa6\xff\x00/oS\xbb\x7f\xd3\xa6(\xa2\x8a\x00'}",2021-01-09 11:51:05+00:00,False,True,True,True,False,False,False,False,False,True,False,False,False,False,False,False,False,False,False,False,False,True,True,1624389856745831378,disclosetv,[],,,,387408,[],,,14,14,0,{'channels': ['self']},['CharlieKirk']
Channel,1448934279,Disclose.tv Chat,"{'_': 'ChatPhoto', 'photo_id': 5262507275149489656, 'dc_id': 2, 'has_video': False, 'stripped_thumb': b'\x01\x08\x08\xad\xfe\x87\xf6M\xf8\x8fv\xdd\xb8\xe7v\xec~TQE\x00\x7f'}",2021-01-09 12:45:50+00:00,False,True,False,False,True,False,False,False,False,True,False,True,False,False,False,False,False,False,False,False,False,True,True,871572244894761944,disclosetv_chat,[],,,"{'_': 'ChatBannedRights', 'until_date': datetime.datetime(2038, 1, 19, 3, 14, 7, tzinfo=datetime.timezone.utc), 'view_messages': False, 'send_messages': False, 'send_media': True, 'send_stickers': True, 'send_gifs': True, 'send_games': True, 'send_inline': True, 'embed_links': True, 'send_polls': True, 'change_info': True, 'invite_users': True, 'pin_messages': True, 'manage_topics': True, 'send_photos': True, 'send_videos': True, 'send_roundvideos': True, 'send_audios': True, 'send_voices': True, 'send_docs': True, 'send_plain': False}",14891,[],,,1,0,1,{'channels': ['disclosetv']},['CharlieKirk']
Channel,1200851498,Jack Posobiec,"{'_': 'ChatPhoto', 'photo_id': 5134189771357268461, 'dc_id': 1, 'has_video': False, 'stripped_thumb': b'\x01\x08\x08\x87r\xc2\xaa\xe4r\x0e3\xdf\xe9E\x14SBi3'}",2021-01-12 04:45:39+00:00,False,True,True,True,False,False,False,False,False,True,False,False,False,False,False,False,False,False,False,False,False,True,True,-7136973573933719606,Jack_Posobiec,[],,,,147898,[],,,56,56,0,{'channels': ['self']},['CharlieKirk']
Channel,1250848320,Steve Bannon's War Room Pandemic,"{'_': 'ChatPhoto', 'photo_id': 6203858862554065459, 'dc_id': 5, 'has_video': False, 'stripped_thumb': b'\x01\x08\x08\xae\xad\x12\xc1\x9d\xb88\xc7\xbd\x14QR\x91\xb3v?'}",2020-11-29 08:25:11+00:00,False,True,True,False,False,False,False,False,False,True,False,False,False,False,False,False,False,False,False,False,False,True,True,5988134434388481819,steve_bannon,[],,,,60327,[],,,3,3,0,{'channels': ['self']},['CharlieKirk']
Channel,1321304299,Steve Bannon's War Room Pandemic Chat,"{'_': 'ChatPhoto', 'photo_id': 6127689975496551339, 'dc_id': 5, 'has_video': False, 'stripped_thumb': b'\x01\x08\x08\xb6D\xff\x00j\xc7\xcf\x8d\xd9\xeb\xc6(\xa2\x8aIX\xa6\xcf'}",2021-02-08 10:19:12+00:00,False,True,False,False,True,True,False,False,False,True,False,False,False,False,False,False,False,False,False,False,False,True,True,-4505839937631567290,Bannon_War_Room,"[{'_': 'RestrictionReason', 'platform': 'ios', 'reason': 'porn', 'text': 'Sorry, this group is temporarily inaccessible on your device to give its moderators time to clean up after users who posted pornographic content. We will reopen the group as soon as order is restored.'}]",,,"{'_': 'ChatBannedRights', 'until_date': datetime.datetime(2038, 1, 19, 3, 14, 7, tzinfo=datetime.timezone.utc), 'view_messages': False, 'send_messages': False, 'send_media': False, 'send_stickers': False, 'send_gifs': False, 'send_games': False, 'send_inline': False, 'embed_links': False, 'send_polls': False, 'change_info': True, 'invite_users': False, 'pin_messages': True, 'manage_topics': False, 'send_photos': False, 'send_videos': False, 'send_roundvideos': False, 'send_audios': False, 'send_voices': False, 'send_docs': False, 'send_plain': False}",1179,[],,,1,0,1,{'channels': ['steve_bannon']},['CharlieKirk']
Channel,1211378130,War Room: Official Telegram Channel,"{'_': 'ChatPhoto', 'photo_id': 4933935241849055483, 'dc_id': 1, 'has_video': False, 'stripped_thumb': b'\x01\x08\x08\xb6D\xdfj\xc7\xcf\x8d\xd9\xeb\xc6(\xa2\x8aI\x14\xd9'}",2021-01-26 01:03:34+00:00,False,True,True,False,False,False,False,False,False,True,False,False,False,False,False,False,False,False,False,False,False,True,True,6331776664277183454,BannonWarRoom,[],,,,61639,[],,,8,8,0,{'channels': ['self']},['CharlieKirk']
Channel,1464373947,Benny Johnson,"{'_': 'ChatPhoto', 'photo_id': 5165838268669996418, 'dc_id': 1, 'has_video': False, 'stripped_thumb': b'\x01\x08\x08\xa0\x04\x7fa9Q\xe6n\xe0\xd1E\x14\x05\xcf'}",2020-11-09 07:27:52+00:00,False,True,True,True,False,False,False,False,False,True,False,False,False,False,False,False,False,False,False,False,False,True,True,-7753720457873659468,BennyJohnson,[],,,,76963,[],,,13,13,0,{'channels': ['self']},['CharlieKirk']
Channel,1318801077,The Post Millennial,"{'_': 'ChatPhoto', 'photo_id': 4956347596675328200, 'dc_id': 1, 'has_video': False, 'stripped_thumb': b'\x01\x08\x08\xcf\xdf\x1e\xcf\xe2\xdf\xfaQE\x14\x01'}",2021-02-02 00:34:01+00:00,False,True,True,True,False,False,False,False,False,False,False,False,False,False,False,False,False,False,False,False,False,True,True,-4047005232015641443,ThePostMillennial,[],,,,28024,[],,,2,2,0,{'channels': ['self']},['CharlieKirk']
Channel,1427137833,Turning Point USA,"{'_': 'ChatPhoto', 'photo_id': 4906919549664866022, 'dc_id': 1, 'has_video': False, 'stripped_thumb': b'\x01\x08\x08\xce;01\x9c\xe2\x8a(\xab\x11'}",2019-10-27 05:18:49+00:00,False,True,True,True,False,False,False,False,False,False,False,False,False,False,False,False,False,False,False,False,False,True,True,-255235952227006972,TPUSA,[],,,,61830,[],,,8,8,0,{'channels': ['self']},['CharlieKirk']
Channel,1579681129,Congresswoman Marjorie Taylor Greene,"{'_': 'ChatPhoto', 'photo_id': 5134480854175820922, 'dc_id': 1, 'has_video': False, 'stripped_thumb': b'\x01\x08\x08\x96k\x81\x1c\x8a\t\xc0\xc8\xcd\x14QRU\x8f'}",2021-12-01 14:27:06+00:00,False,True,True,True,False,False,False,False,False,False,False,False,False,False,False,False,False,False,False,False,False,True,True,-3350677442841837866,RepMTG,[],,,,10449,[],,,2,2,0,{'channels': ['self']},['CharlieKirk']
Channel,1462338131,Donald J. Trump,"{'_': 'ChatPhoto', 'photo_id': 5100642395988536211, 'dc_id': 1, 'has_video': False, 'stripped_thumb': b'\x01\x08\x08\x8e\x17\x02\xdbvq\x81\x9f\xf3\xf9QE\x15/Vh\xb4I\x1f'}",2019-10-29 20:27:54+00:00,False,True,True,False,False,False,False,False,False,False,False,False,False,False,False,False,False,False,False,False,False,True,True,2715137746187884143,real_DonaldJTrump,[],,,,641266,[],,,6,6,0,{'channels': ['self']},['CharlieKirk']
Channel,1188544652,UngaTheGreat,"{'_': 'ChatPhoto', 'photo_id': 4949930090901386317, 'dc_id': 1, 'has_video': False, 'stripped_thumb': b'\x01\x08\x08hx\xd9v\x15@\x15\x03\x03\xdf>\xb4QE4&\x7f'}",2021-09-06 06:24:29+00:00,False,True,True,False,False,False,False,False,False,True,False,False,False,False,False,False,False,False,False,False,False,True,True,-1840500594795621928,ungathegreat,[],,,,17871,[],,,2,2,0,{'channels': ['self']},['CharlieKirk']
Channel,1773327135,UngaTheGreat Chat,"{'_': 'ChatPhoto', 'photo_id': 5051165893157038565, 'dc_id': 1, 'has_video': False, 'stripped_thumb': b'\x01\x08\x08\xac\xd1[\xfd\x85\\\x8e\x08\xe1\x87]\xd4QE\x00\x7f'}",2022-03-29 14:39:02+00:00,False,True,False,False,True,False,False,False,False,True,False,True,False,False,False,False,False,False,False,False,False,True,True,2377751885727830587,ungachat,[],,,"{'_': 'ChatBannedRights', 'until_date': datetime.datetime(2038, 1, 19, 3, 14, 7, tzinfo=datetime.timezone.utc), 'view_messages': False, 'send_messages': False, 'send_media': True, 'send_stickers': True, 'send_gifs': True, 'send_games': True, 'send_inline': True, 'embed_links': True, 'send_polls': True, 'change_info': True, 'invite_users': True, 'pin_messages': True, 'manage_topics': False, 'send_photos': True, 'send_videos': True, 'send_roundvideos': True, 'send_audios': True, 'send_voices': True, 'send_docs': True, 'send_plain': False}",527,[],,,1,0,1,{'channels': ['ungathegreat']},['CharlieKirk']
Channel,1893566243,O'Keefe Media Group,"{'_': 'ChatPhoto', 'photo_id': 5472216938936652985, 'dc_id': 2, 'has_video': False, 'stripped_thumb': b'\x01\x08\x08\xbf\xb6\x7f\xb5\xee\xde|\xbc\xf4\xed\x8cz}h\xa2\x8a\x00'}",2022-11-30 22:03:24+00:00,False,True,True,False,False,False,False,False,False,False,False,False,False,False,False,False,False,False,False,False,False,True,True,1108122480843537135,OKeefeMediaGroup,[],,,,20602,[],,,1,1,0,{'channels': ['self']},['CharlieKirk']
Channel,1751351553,Libs of TikTok Fans,"{'_': 'ChatPhoto', 'photo_id': 5008539489500506473, 'dc_id': 1, 'has_video': False, 'stripped_thumb': b'\x01\x08\x08\xcf\xccm\x06~PB\xe3\xa7$\xd1E\x14\r\x9f'}",2021-10-27 22:41:54+00:00,False,True,True,False,False,False,False,False,False,False,False,False,False,False,False,False,False,False,False,False,False,True,True,-2464524606073017288,libsontiktok,[],,,,17430,[],,,3,3,0,{'channels': ['self']},['CharlieKirk']
Channel,1374290756,Matt Gaetz,"{'_': 'ChatPhoto', 'photo_id': 4974449844445882731, 'dc_id': 1, 'has_video': False, 'stripped_thumb': b'\x01\x08\x08-\xa5\x8b\xce\xdd\x8f\xbd\xc0\xfc\xa8\xa2\x8a\x00'}",2021-02-07 20:30:15+00:00,False,True,True,False,False,False,False,False,False,False,False,False,False,False,False,False,False,False,False,False,False,True,True,3533136276688038330,MattGaetzOfficial,[],,,,48816,[],,,4,4,0,{'channels': ['self']},['CharlieKirk']
Channel,1136479756,Police frequency,"{'_': 'ChatPhoto', 'photo_id': 5397849253788891237, 'dc_id': 2, 'has_video': False, 'stripped_thumb': b'\x01\x08\x08\xad\t\xb406\xf4\x01\xbe\xb4QE;\x93\xcb~\xa7'}",2017-10-11 14:21:56+00:00,False,True,True,False,False,False,False,False,False,True,False,False,False,False,False,False,False,False,False,False,False,True,True,-8293750922310461719,police_frequency,[],,,,79291,[],,,2,2,0,{'channels': ['self']},['CharlieKirk']
Channel,1479163323,Tommy Robinson News,"{'_': 'ChatPhoto', 'photo_id': 6003777634976252070, 'dc_id': 4, 'has_video': False, 'stripped_thumb': b'\x01\x08\x08H\xb6L\xc72n\xdb\xc8\xe7\xb7\xa7\xd6\x8a(\xa8b\xb9'}",2019-02-27 18:30:44+00:00,False,True,True,False,False,False,False,False,False,True,False,False,False,False,False,False,False,False,False,False,False,True,True,-9153213854473462176,TommyRobinsonNews,[],,,,136003,[],,,1,1,0,{'channels': ['self']},['CharlieKirk']
Channel,1299528948,Tommy Robinson's Official Telegram Chat.,"{'_': 'ChatPhoto', 'photo_id': 5782707997439539070, 'dc_id': 4, 'has_video': False, 'stripped_thumb': b'\x01\x08\x08\x92X\x10j\x01\x81;\x99\xc3\x14\x07\x91\xefE\x14P\xf4\x03'}",2021-01-11 13:40:54+00:00,False,True,False,False,True,True,False,False,False,True,False,True,False,False,False,False,False,False,False,False,False,True,True,-4470656456165166003,tommy_robinson_chat,"[{'_': 'RestrictionReason', 'platform': 'ios', 'reason': 'appleterms', 'text': ""Unfortunately, this group couldn't be displayed on your device.""}, {'_': 'RestrictionReason', 'platform': 'android', 'reason': 'androidterms', 'text': ""Unfortunately, this group can't be displayed on Telegram apps downloaded from the Google Play Store.""}]",,,"{'_': 'ChatBannedRights', 'until_date': datetime.datetime(2038, 1, 19, 3, 14, 7, tzinfo=datetime.timezone.utc), 'view_messages': False, 'send_messages': False, 'send_media': False, 'send_stickers': False, 'send_gifs': True, 'send_games': True, 'send_inline': True, 'embed_links': False, 'send_polls': False, 'change_info': True, 'invite_users': True, 'pin_messages': True, 'manage_topics': False, 'send_photos': False, 'send_videos': False, 'send_roundvideos': False, 'send_audios': False, 'send_voices': False, 'send_docs': False, 'send_plain': False}",5540,[],,,1,0,1,{'channels': ['TommyRobinsonNews']},['CharlieKirk']
Channel,1408963933,Gateway Pundit,"{'_': 'ChatPhoto', 'photo_id': 4902633361282017625, 'dc_id': 1, 'has_video': False, 'stripped_thumb': b'\x01\x08\x08\xbc\x16}\xe3s\xed\x00\xe4\xb6\xee\xbf\x85\x14QP\xe6\xc6\xa2\x7f'}",2021-01-13 16:05:37+00:00,False,True,True,True,False,False,False,False,False,False,False,False,False,False,False,False,False,False,False,False,False,True,True,-5919010948100154437,gatewaypunditofficial,[],,,,97418,[],,,3,3,0,{'channels': ['self']},['CharlieKirk']
Channel,1390659157,ULTRA Pepe Lives Matter üê∏,"{'_': 'ChatPhoto', 'photo_id': 4990061208753254155, 'dc_id': 1, 'has_video': False, 'stripped_thumb': b'\x01\x08\x08\xd3\xcc\x9fk\xfe-\x9bq\x8cq\x9a(\xa2\x80?'}",2021-01-13 16:36:49+00:00,False,True,True,False,False,False,False,False,False,True,False,False,False,False,False,False,False,False,False,False,False,True,True,6028538471807409306,PepeMatter,[],,,,197743,[],,,2,2,0,{'channels': ['self']},['CharlieKirk']
Channel,1205299143,PatriotAUÔ∏èÔ∏èÔ∏è,"{'_': 'ChatPhoto', 'photo_id': 4983237824274868872, 'dc_id': 1, 'has_video': False, 'stripped_thumb': b'\x01\x08\x08\x8c]1\x83i9;\xb2I=\xbd\xe8\xa2\x8a\xd9;\x19\xb3'}",2021-01-21 03:41:09+00:00,False,True,True,False,False,False,False,False,False,True,False,False,False,False,False,False,False,False,False,False,False,True,True,4580023887757957768,ThePatriotAU,[],,,,13564,[],,,2,2,0,{'channels': ['self']},['CharlieKirk']
Channel,1187440417,PatriotAU Chat,"{'_': 'ChatPhoto', 'photo_id': 4929667195408066809, 'dc_id': 1, 'has_video': False, 'stripped_thumb': b'\x01\x08\x08A*7\x1bpG9\xa2\x8a+F\x80'}",2021-01-22 23:01:54+00:00,False,True,False,False,True,False,False,False,False,True,False,True,False,False,False,False,False,False,False,False,False,True,True,-7256963234702042436,PatriotAUchat,[],,,"{'_': 'ChatBannedRights', 'until_date': datetime.datetime(2038, 1, 19, 3, 14, 7, tzinfo=datetime.timezone.utc), 'view_messages': False, 'send_messages': False, 'send_media': False, 'send_stickers': False, 'send_gifs': False, 'send_games': False, 'send_inline': False, 'embed_links': False, 'send_polls': False, 'change_info': True, 'invite_users': False, 'pin_messages': True, 'manage_topics': False, 'send_photos': False, 'send_videos': False, 'send_roundvideos': False, 'send_audios': False, 'send_voices': False, 'send_docs': False, 'send_plain': False}",94,[],,,1,0,1,{'channels': ['ThePatriotAU']},['CharlieKirk']
Channel,1410273150,TheStormHasArrived17,"{'_': 'ChatPhoto', 'photo_id': 5105090032192039808, 'dc_id': 1, 'has_video': False, 'stripped_thumb': b'\x01\x08\x08\xb5\xb6Q\xa8m\xcfS\xbb?\xec\xfaQE\x14\x01'}",2021-01-18 00:44:00+00:00,False,True,True,False,False,False,False,False,False,False,False,False,False,False,False,False,False,False,False,False,False,True,True,1624429644201633398,TheStormHasArrived17,[],,,,128265,[],,,1,1,0,{'channels': ['self']},['CharlieKirk']
Channel,1601053024,Chief Nerd,"{'_': 'ChatPhoto', 'photo_id': 5130134523365927693, 'dc_id': 1, 'has_video': False, 'stripped_thumb': b'\x01\x08\x08\x9dc\x9b\xed\x19\xc9\xda[\x9c\x9a(\xa2\xa5\xea;\xd8'}",2021-10-08 14:03:39+00:00,False,True,True,False,False,False,False,False,False,True,False,False,False,False,False,False,False,False,False,False,False,True,True,4068667445094511713,chiefnerd,[],,,,83031,[],,,1,1,0,{'channels': ['self']},['CharlieKirk']
Channel,1686210190,Chief Nerd Chat,"{'_': 'ChatPhoto', 'photo_id': 5127794337420258333, 'dc_id': 1, 'has_video': False, 'stripped_thumb': b'\x01\x08\x08\x9dc\x9b\xed\x19\xc9\xda[\x9c\x9a(\xa2\xa5\xea;\xd8'}",2021-10-26 18:21:59+00:00,False,True,False,False,True,False,False,False,False,True,False,False,False,False,False,False,False,False,False,False,False,True,True,7222041102860008713,chiefnerdchat,[],,,"{'_': 'ChatBannedRights', 'until_date': datetime.datetime(2038, 1, 19, 3, 14, 7, tzinfo=datetime.timezone.utc), 'view_messages': False, 'send_messages': False, 'send_media': False, 'send_stickers': False, 'send_gifs': False, 'send_games': False, 'send_inline': False, 'embed_links': True, 'send_polls': True, 'change_info': True, 'invite_users': True, 'pin_messages': True, 'manage_topics': False, 'send_photos': False, 'send_videos': False, 'send_roundvideos': False, 'send_audios': False, 'send_voices': False, 'send_docs': False, 'send_plain': False}",2181,[],,,1,0,1,{'channels': ['chiefnerd']},['CharlieKirk']
Channel,1392459919,grandoldmemes,"{'_': 'ChatPhoto', 'photo_id': 4906702043931060409, 'dc_id': 1, 'has_video': False, 'stripped_thumb': b'\x01\x08\x08\xa5\x84\xf2\x00T!\x8a\xf2h\xa2\x8a\x06\xcf'}",2021-01-16 18:27:53+00:00,False,True,True,False,False,False,False,False,False,False,False,False,False,False,False,False,False,False,False,False,False,True,True,-3774175855622316423,grandoldmemes,[],,,,10183,[],,,5,5,0,{'channels': ['self']},['CharlieKirk']
Channel,1279779603,Woke Societies,"{'_': 'ChatPhoto', 'photo_id': 5033168210660272585, 'dc_id': 1, 'has_video': False, 'stripped_thumb': b'\x01\x08\x08\x97\r\xf6\xac\xee\x97\xcc\xf4\xc7\x1f\xfe\xaa(\xa2\xb2Q\xb9;\x9f'}",2021-02-05 19:43:29+00:00,False,True,True,False,False,False,False,False,False,True,False,False,False,False,False,False,False,False,False,False,False,True,True,-8764059920096886823,WokeSocieties,[],,,,36122,[],,,1,1,0,{'channels': ['self']},['CharlieKirk']
Channel,1758387125,Woke Societies Chat,"{'_': 'ChatPhoto', 'photo_id': 5158967407623121309, 'dc_id': 1, 'has_video': False, 'stripped_thumb': b'\x01\x08\x08\xb3\xcf\xda\xb3\xbam\xff\x00\xdd\xc7\x1f\x9d\x14QY\xa5q\x1f'}",2022-01-27 16:33:28+00:00,False,True,False,False,True,False,False,False,False,True,False,True,False,False,False,False,False,False,False,False,False,True,True,7249893795573323286,wokesocietieschats,[],,,"{'_': 'ChatBannedRights', 'until_date': datetime.datetime(2038, 1, 19, 3, 14, 7, tzinfo=datetime.timezone.utc), 'view_messages': False, 'send_messages': False, 'send_media': False, 'send_stickers': True, 'send_gifs': True, 'send_games': True, 'send_inline': True, 'embed_links': False, 'send_polls': True, 'change_info': True, 'invite_users': True, 'pin_messages': True, 'manage_topics': False, 'send_photos': False, 'send_videos': False, 'send_roundvideos': False, 'send_audios': False, 'send_voices': False, 'send_docs': False, 'send_plain': False}",1120,[],,,1,0,1,{'channels': ['WokeSocieties']},['CharlieKirk']
Channel,1396332892,Dan Scavino FORCEüá∫üá∏ü¶Ö,"{'_': 'ChatPhoto', 'photo_id': 5111940389065042194, 'dc_id': 1, 'has_video': False, 'stripped_thumb': b'\x01\x08\x08\xa3\x19\xcb\xa2\xa0^W<\x9c\x7f\x93E\x14R{\x9aCc'}",2021-03-19 17:45:45+00:00,False,True,True,False,False,False,False,False,False,False,False,False,False,False,False,False,False,False,False,False,False,True,True,4313789408915685188,DanScavinoFORCE,[],,,,103669,[],,,1,1,0,{'channels': ['self']},['CharlieKirk']
Channel,1276534058,Senator Jake Hoffman,"{'_': 'ChatPhoto', 'photo_id': 4960719731648735625, 'dc_id': 1, 'has_video': False, 'stripped_thumb': b'\x01\x08\x08\xab\x88\xbe\xcd\x8c\x8c\xe7\xad\x14QN\xc1s'}",2021-05-11 16:53:52+00:00,False,True,True,False,False,False,False,False,False,True,False,False,False,False,False,False,False,False,False,False,False,True,True,-273596734115555221,JakeHoffman,[],,,,2541,[],,,14,14,0,{'channels': ['self']},['CharlieKirk']
Channel,1150424885,Patri0tsareinContr0l Ô∏èÔ∏èÔ∏è,"{'_': 'ChatPhoto', 'photo_id': 5015230335583103179, 'dc_id': 1, 'has_video': False, 'stripped_thumb': b'\x01\x08\x08~\xd9\xc4\xb8\xdcv\xe7#\x9e?\xfdTQEZ%\xb3'}",2021-02-21 17:07:18+00:00,False,True,True,False,False,False,False,False,False,False,False,False,False,False,False,False,False,False,False,False,False,True,True,-3421907589613068477,Patri0tsareinContr0l,[],,,,27648,[],,,4,4,0,{'channels': ['self']},['CharlieKirk']
Channel,1161789591,We The Media,"{'_': 'ChatPhoto', 'photo_id': 5095881703913794069, 'dc_id': 1, 'has_video': False, 'stripped_thumb': b'\x01\x08\x08\xa5\xf2\xe2\x8a(\xadlO?\x91'}",2021-01-10 12:57:14+00:00,False,True,True,False,False,False,False,False,False,True,False,False,False,False,False,False,False,False,False,False,False,True,True,-222916447082142800,WeTheMedia,[],,,,173810,[],,,3,3,0,{'channels': ['self']},['CharlieKirk']
Channel,1918010981,We The Media - Chat,"{'_': 'ChatPhoto', 'photo_id': 5965073764821613514, 'dc_id': 4, 'has_video': False, 'stripped_thumb': b'\x01\x08\x08\xd2\xfd\xfe\xfcn_\xa6(\xa2\x8a\x07\xcd\xe4\x7f'}",2023-04-28 18:59:10+00:00,False,True,False,False,True,False,False,False,False,True,False,False,False,False,False,False,False,False,False,False,False,True,True,8807912032960032754,WeTheMediaChat2,[],,,"{'_': 'ChatBannedRights', 'until_date': datetime.datetime(2038, 1, 19, 3, 14, 7, tzinfo=datetime.timezone.utc), 'view_messages': False, 'send_messages': False, 'send_media': True, 'send_stickers': False, 'send_gifs': False, 'send_games': False, 'send_inline': False, 'embed_links': True, 'send_polls': True, 'change_info': True, 'invite_users': True, 'pin_messages': True, 'manage_topics': False, 'send_photos': True, 'send_videos': True, 'send_roundvideos': True, 'send_audios': True, 'send_voices': True, 'send_docs': True, 'send_plain': False}",885,[],,,1,0,1,{'channels': ['WeTheMedia']},['CharlieKirk']
Channel,1754714046,Culture War Room,"{'_': 'ChatPhoto', 'photo_id': 6096147284703163626, 'dc_id': 5, 'has_video': False, 'stripped_thumb': b'\x01\x08\x08\xad\xf6\x8f\x9b\x1cm\xdb\x8a(\xa2\xa6\xc6\x97?'}",2022-01-17 13:54:20+00:00,False,True,True,False,False,False,False,False,False,False,False,False,False,False,False,False,False,False,False,False,False,True,True,2021539207358923848,CultureWarRoom,[],,,,16770,[],,,4,4,0,{'channels': ['self']},['CharlieKirk']
Channel,1300461016,Marjorie Taylor Greene,"{'_': 'ChatPhoto', 'photo_id': 4997196472281836262, 'dc_id': 1, 'has_video': False, 'stripped_thumb': b'\x01\x08\x08\x8a9\xb7K\xe5\xed\xf7\xcd\x14Q[\xc4\xe1\xa9\xba?'}",2021-01-12 20:49:28+00:00,False,True,True,True,False,False,False,False,False,False,False,False,False,False,False,False,False,False,False,False,False,True,True,709253940047233985,RealMarjorieGreene,[],,,,90327,[],,,3,3,0,{'channels': ['self']},['CharlieKirk']
Channel,1404077180,Liz Harrington,"{'_': 'ChatPhoto', 'photo_id': 5161649945411955103, 'dc_id': 1, 'has_video': False, 'stripped_thumb': b'\x01\x08\x08\x95""(\xad\x83\x8f\xad\x14QYs;\x96\x7f'}",2021-06-15 15:32:37+00:00,False,True,True,False,False,False,False,False,False,False,False,False,False,False,False,False,False,False,False,False,False,True,True,6246142124645576567,LizHarrington76,[],,,,33451,[],,,5,5,0,{'channels': ['self']},['CharlieKirk']
Channel,1747193290,RawsAlerts,"{'_': 'ChatPhoto', 'photo_id': 5107550691970362224, 'dc_id': 1, 'has_video': False, 'stripped_thumb': b'\x01\x08\x08\xce\xda\xdb\xb1\x8e(\xa2\x8a\xcb\x98\xf4\x154\x7f'}",2021-11-24 21:26:16+00:00,False,True,True,False,False,False,False,False,False,True,False,False,False,False,False,False,False,False,False,False,False,True,True,-3321331994648527436,Rawsalert,[],,,,10645,[],,,1,1,0,{'channels': ['self']},['CharlieKirk']
Channel,1601653229,Rawsalerts,"{'_': 'ChatPhoto', 'photo_id': 5104975060212493482, 'dc_id': 1, 'has_video': False, 'stripped_thumb': b'\x01\x08\x08\xcd\xda\xdb\xb0G\x19\xa2\x8a++\x9d\xfc\x89\x1f'}",2022-01-30 23:25:56+00:00,False,True,False,False,True,False,False,False,False,True,False,False,False,False,False,False,False,False,False,False,False,True,True,-8642737593452344684,Rawsalertz,[],,,"{'_': 'ChatBannedRights', 'until_date': datetime.datetime(2038, 1, 19, 3, 14, 7, tzinfo=datetime.timezone.utc), 'view_messages': False, 'send_messages': False, 'send_media': False, 'send_stickers': False, 'send_gifs': False, 'send_games': False, 'send_inline': False, 'embed_links': False, 'send_polls': False, 'change_info': True, 'invite_users': True, 'pin_messages': True, 'manage_topics': False, 'send_photos': False, 'send_videos': False, 'send_roundvideos': False, 'send_audios': False, 'send_voices': False, 'send_docs': False, 'send_plain': False}",273,[],,,1,0,1,{'channels': ['Rawsalert']},['CharlieKirk']
Channel,1230318030,Christian Patriot News,"{'_': 'ChatPhoto', 'photo_id': 5057942312168040854, 'dc_id': 1, 'has_video': False, 'stripped_thumb': b'\x01\x08\x08\xb9\xf3\xed?wvx\xf4\xc5\x14QU\xcd\xe4\x16?'}",2021-01-15 07:47:10+00:00,False,True,True,False,False,False,False,False,False,False,False,False,False,False,False,False,False,False,False,False,False,True,True,8040677542637888774,ChristianPatriotNews,[],,,,58310,[],,,1,1,0,{'channels': ['self']},['CharlieKirk']
Channel,1358907673,James O'Keefe,"{'_': 'ChatPhoto', 'photo_id': 2733277222959949740, 'dc_id': 1, 'has_video': False, 'stripped_thumb': b'\x01\x08\x08\xabq\t\xb7]\x8d\xb8\xe5z\x9fZ(\xa2\xa4g'}",2019-11-22 20:27:29+00:00,False,True,True,True,False,False,False,False,False,False,False,False,False,False,False,False,False,False,False,False,False,True,True,1597587560388585517,JamesOKeefeIII,[],,,,239689,[],,,4,4,0,{'channels': ['self']},['CharlieKirk']
Channel,1445593024,The Justice League,"{'_': 'ChatPhoto', 'photo_id': 4967806431982103394, 'dc_id': 1, 'has_video': False, 'stripped_thumb': b'\x01\x08\x08\x91\xae\xa3\xfbq\xc7U\xe4\x9flt\xa2\x8a(\x03'}",2021-01-08 23:10:51+00:00,False,True,True,False,False,False,False,False,False,False,False,False,False,False,False,False,False,False,False,False,False,True,True,3865290612563117293,THEREALTORIABROOKE,[],,,,30795,[],,,1,1,0,{'channels': ['self']},['CharlieKirk']
Channel,1218257811,Josh Hawley,"{'_': 'ChatPhoto', 'photo_id': 4951949326825925600, 'dc_id': 1, 'has_video': False, 'stripped_thumb': b'\x01\x08\x08\x8e+Ua\x83\x11\x0cI+\xbb\xb8\xa2\x8a(H\x1b?'}",2021-01-31 03:05:06+00:00,False,True,True,False,False,False,False,False,False,False,False,False,False,False,False,False,False,False,False,False,False,True,True,-6649158240460854119,Josh_Hawley,[],,,,41774,[],,,2,2,0,{'channels': ['self']},['CharlieKirk']
Channel,1200497997,Project Veritas,"{'_': 'ChatPhoto', 'photo_id': 5114067428668713400, 'dc_id': 1, 'has_video': False, 'stripped_thumb': b'\x01\x08\x08\xc8\xf96\xf7\xcf\xd2\x8a(\xa0\x0f'}",2019-06-22 20:41:07+00:00,False,True,True,True,False,False,False,False,False,False,False,False,False,False,False,False,False,False,False,False,False,True,True,-7830794548843689669,project_veritas,[],,,,314526,[],,,9,9,0,{'channels': ['self']},['CharlieKirk']
Channel,1529958951,Kari Lake,"{'_': 'ChatPhoto', 'photo_id': 4938274709301209820, 'dc_id': 1, 'has_video': False, 'stripped_thumb': b'\x01\x08\x08l\x88\xc2T \xe1{\xe4\xf5\xa2\x8a*V\xc7J\x9bM\x9f'}",2022-02-10 01:26:14+00:00,False,True,True,True,False,False,False,False,False,True,False,False,False,False,False,False,False,False,False,False,False,True,True,-1764373246419514755,realKariLake,[],,,,30530,[],,,1,1,0,{'channels': ['self']},['CharlieKirk']
Channel,1984053449,Kari Lake Chat,{'_': 'ChatPhotoEmpty'},2023-04-19 05:07:55+00:00,False,True,False,False,True,False,False,False,False,True,False,True,False,False,False,False,False,False,False,False,False,True,True,8944558320113688638,karilakechatAZ,[],,,"{'_': 'ChatBannedRights', 'until_date': datetime.datetime(2038, 1, 19, 3, 14, 7, tzinfo=datetime.timezone.utc), 'view_messages': False, 'send_messages': False, 'send_media': True, 'send_stickers': True, 'send_gifs': True, 'send_games': True, 'send_inline': True, 'embed_links': True, 'send_polls': True, 'change_info': True, 'invite_users': True, 'pin_messages': True, 'manage_topics': False, 'send_photos': True, 'send_videos': True, 'send_roundvideos': True, 'send_audios': True, 'send_voices': True, 'send_docs': True, 'send_plain': False}",447,[],,,1,0,1,{'channels': ['realKariLake']},['CharlieKirk']
Channel,1522046510,The Vigilant Fox ü¶ä,"{'_': 'ChatPhoto', 'photo_id': 5089109343646886911, 'dc_id': 1, 'has_video': False, 'stripped_thumb': b""\x01\x08\x08\xb2'a&\x06\xe3&v\x95\xdb\xdf\xd6\x8a(\xa5\xca\x83\x98""}",2021-11-23 02:11:50+00:00,False,True,True,False,False,False,False,False,False,True,False,False,False,False,False,False,False,False,False,False,False,True,True,-1297228405147427075,VigilantFox,[],,,,129658,[],,,1,1,0,{'channels': ['self']},['CharlieKirk']
Channel,1611294208,Fox Chat ü¶ä,"{'_': 'ChatPhoto', 'photo_id': 5017037043640937451, 'dc_id': 1, 'has_video': False, 'stripped_thumb': b""\x01\x08\x08\xb2'a.>c&v\x95\xdb\xdf\xd6\x8a(\xa5\xca\x83\x98""}",2021-11-23 23:43:20+00:00,False,True,False,False,True,False,False,False,False,True,False,False,False,False,False,False,False,False,False,False,False,True,True,-4259988782424906435,VigilantFoxChat,[],,,"{'_': 'ChatBannedRights', 'until_date': datetime.datetime(2038, 1, 19, 3, 14, 7, tzinfo=datetime.timezone.utc), 'view_messages': False, 'send_messages': False, 'send_media': False, 'send_stickers': False, 'send_gifs': False, 'send_games': False, 'send_inline': False, 'embed_links': False, 'send_polls': False, 'change_info': True, 'invite_users': False, 'pin_messages': True, 'manage_topics': False, 'send_photos': False, 'send_videos': False, 'send_roundvideos': False, 'send_audios': False, 'send_voices': False, 'send_docs': False, 'send_plain': False}",2023,[],,,1,0,1,{'channels': ['VigilantFox']},['CharlieKirk']
Channel,1431122063,Glenn Greenwald,"{'_': 'ChatPhoto', 'photo_id': 4940735721266850076, 'dc_id': 1, 'has_video': False, 'stripped_thumb': b'\x01\x08\x08|\xb7^\\\x80\xf9|tj(\xa2\x843'}",2021-01-26 11:46:04+00:00,False,True,True,False,False,False,False,False,False,False,False,False,False,False,False,False,False,False,False,False,False,True,True,-4593972562096187042,Glenn_Greenwald,[],,,,9844,[],,,3,3,0,{'channels': ['self']},['CharlieKirk']
Channel,1483975025,Techno_Fog,"{'_': 'ChatPhoto', 'photo_id': 5183712835929221421, 'dc_id': 1, 'has_video': False, 'stripped_thumb': b'\x01\x08\x08\xb8\x87\xfd*@\x1b+\xb4\x1cg\xa5\x14QL\x83'}",2021-01-13 02:25:16+00:00,False,True,True,False,False,False,False,False,False,False,False,False,False,False,False,False,False,False,False,False,False,True,True,1626486484678992927,techno_fog,[],,,,73979,[],,,1,1,0,{'channels': ['self']},['CharlieKirk']
Channel,1443355249,Liberty Overwatch,"{'_': 'ChatPhoto', 'photo_id': 5181425379297044824, 'dc_id': 1, 'has_video': False, 'stripped_thumb': b'\x01\x08\x08\xb4\xef \x91[\xa2\x9e\xc2\x8a(\xa8\x19'}",2021-01-11 21:57:39+00:00,False,True,True,False,False,False,False,False,False,True,False,False,False,False,False,False,False,False,False,False,False,True,True,5512079525267573554,LibertyOverwatchChannel,[],,,,22566,[],,,2,2,0,{'channels': ['self']},['CharlieKirk']
Channel,1264643776,Brian Cates,"{'_': 'ChatPhoto', 'photo_id': 5048673914477193722, 'dc_id': 1, 'has_video': False, 'stripped_thumb': b'\x01\x08\x08`X\xd6\x00\xe8G\xcd\xdd\x8e3\xedE\x14P4\xcf'}",2021-01-14 19:06:33+00:00,False,True,True,False,False,False,False,False,False,False,False,False,False,False,False,False,False,False,False,False,False,True,True,-6986981183953691260,drawandstrikechannel,[],,,,63263,[],,,1,1,0,{'channels': ['self']},['CharlieKirk']
Channel,1189125688,Blaze Media,"{'_': 'ChatPhoto', 'photo_id': 4990532164802160788, 'dc_id': 1, 'has_video': False, 'stripped_thumb': b'\x01\x08\x08b\x98\xbc\x91\xff\x00==9\xa2\x8a+6z\x89X'}",2020-11-08 20:33:36+00:00,False,True,True,False,False,False,False,False,False,True,False,False,False,False,False,False,False,False,False,False,False,True,True,-9055855611623923901,TheBlazeTV,[],,,,88204,[],,,3,3,0,{'channels': ['self']},['CharlieKirk']
Channel,1405021412,Donald Trump Jr,"{'_': 'ChatPhoto', 'photo_id': 1263080359574218774, 'dc_id': 1, 'has_video': False, 'stripped_thumb': b'\x01\x08\x08XCD\xac\x9bK\r\xdb\x8b(\xeb\xe9\x8a(\xa2\x98\xcf'}",2019-06-05 00:16:54+00:00,False,True,True,True,False,False,False,False,False,True,False,False,False,False,False,False,False,False,False,False,False,True,True,380047372943834605,TrumpJr,[],,,,466593,[],,,4,4,0,{'channels': ['self']},['CharlieKirk']
Channel,1214967383,Donald Trump Jr Chat,"{'_': 'ChatPhoto', 'photo_id': 5093696342949210334, 'dc_id': 1, 'has_video': False, 'stripped_thumb': b'\x01\x08\x08 V\x85\x1a=\x8c\xe0>\xe2\xea:\xfab\x8a(\xa0\x0f'}",2021-02-26 18:47:00+00:00,False,True,False,False,True,False,False,False,False,True,False,True,False,False,False,False,False,False,False,False,False,True,True,2403895202899075731,TrumpJrChat,[],,,"{'_': 'ChatBannedRights', 'until_date': datetime.datetime(2038, 1, 19, 3, 14, 7, tzinfo=datetime.timezone.utc), 'view_messages': False, 'send_messages': False, 'send_media': True, 'send_stickers': True, 'send_gifs': True, 'send_games': True, 'send_inline': True, 'embed_links': True, 'send_polls': True, 'change_info': True, 'invite_users': True, 'pin_messages': True, 'manage_topics': False, 'send_photos': True, 'send_videos': True, 'send_roundvideos': True, 'send_audios': True, 'send_voices': True, 'send_docs': True, 'send_plain': False}",4964,[],,,1,0,1,{'channels': ['TrumpJr']},['CharlieKirk']
Channel,1153026272,Tracy Beanz,"{'_': 'ChatPhoto', 'photo_id': 2116456491177322410, 'dc_id': 1, 'has_video': False, 'stripped_thumb': b'\x01\x08\x08\xa6\xd9 3\xab\r\xddO\xaf4QE\x03h'}",2019-05-07 20:38:47+00:00,False,True,True,False,False,False,False,False,False,True,False,False,False,False,False,False,False,False,False,False,False,True,True,408406324780299113,TracybeanzOfficial,[],,,,42727,[],,,1,1,0,{'channels': ['self']},['CharlieKirk']
Channel,1392160803,Breaking911,"{'_': 'ChatPhoto', 'photo_id': 5177209276190533847, 'dc_id': 1, 'has_video': False, 'stripped_thumb': b'\x01\x08\x08v\xcb}\xc3-\xe9\xdcz\xd1E\x15\x07W+\xee\x7f'}",2021-01-10 15:21:45+00:00,False,True,True,False,False,False,False,False,False,False,False,False,False,False,False,False,False,False,False,False,False,True,True,-62600210430679098,breaking911,[],,,,78750,[],,,1,1,0,{'channels': ['self']},['CharlieKirk']
Channel,1047000621,ZeroHedge,"{'_': 'ChatPhoto', 'photo_id': 450625293387933612, 'dc_id': 2, 'has_video': False, 'stripped_thumb': b'\x01\x08\x08\xd6\xc3y\x84\xe7\xe5\xff\x00\xebQE\x14\x01'}",2016-02-24 10:26:57+00:00,False,True,True,False,False,False,False,False,False,True,False,False,False,False,True,False,False,False,False,False,False,True,True,-6914187383679121041,zerohedge,[],,,,20330,[],,,1,1,0,{'channels': ['self']},['CharlieKirk']
Channel,1308519094,Becker News,"{'_': 'ChatPhoto', 'photo_id': 4938558623819344234, 'dc_id': 1, 'has_video': False, 'stripped_thumb': b'\x01\x08\x08\xa7\x08\x83\r\xe6\xe4\x1c\xf1\x8f\xc6\x8a(\xa9q\xbfQ\xdc'}",2021-01-26 22:03:47+00:00,False,True,True,False,False,False,False,False,False,False,False,False,False,False,False,False,False,False,False,False,False,True,True,1252985036129499519,beckernews,[],,,,45444,[],,,3,3,0,{'channels': ['self']},['CharlieKirk']
Channel,1430871715,The Babylon Bee,"{'_': 'ChatPhoto', 'photo_id': 5102750838383815658, 'dc_id': 1, 'has_video': False, 'stripped_thumb': b'\x01\x08\x08\xb7\xfe\x91\xe7\xff\x00\x16}{u\xa2\x8a(@\xcf'}",2021-01-18 16:58:29+00:00,False,True,True,True,False,False,False,False,False,False,False,False,False,False,False,False,False,False,False,False,False,True,True,-6883332537552408286,TheBabylonBee,[],,,,144425,[],,,1,1,0,{'channels': ['self']},['CharlieKirk']
Channel,1396163912,Aurax,"{'_': 'ChatPhoto', 'photo_id': 5935964228835979805, 'dc_id': 4, 'has_video': False, 'stripped_thumb': b'\x01\x08\x08\xc7\xf9v\xff\x00\xb5E\x14P\x07'}",2021-03-12 11:51:12+00:00,False,True,True,False,False,False,False,False,False,True,False,False,False,False,False,False,False,False,False,False,False,True,True,3576347657471650748,auraxchan,[],,,,18527,[],,,1,1,0,{'channels': ['self']},['CharlieKirk']
Channel,1377348929,Aurax,"{'_': 'ChatPhoto', 'photo_id': 6050973351259780987, 'dc_id': 4, 'has_video': False, 'stripped_thumb': b'\x01\x08\x08\xd8\xf9\xb7\x7f\xb3E\x14P\x07'}",2021-03-12 11:54:32+00:00,False,True,False,False,True,False,False,False,False,True,False,False,False,False,False,False,False,False,False,False,False,True,True,-5438636702258814246,auraxchat,[],,,"{'_': 'ChatBannedRights', 'until_date': datetime.datetime(2038, 1, 19, 3, 14, 7, tzinfo=datetime.timezone.utc), 'view_messages': False, 'send_messages': False, 'send_media': False, 'send_stickers': False, 'send_gifs': False, 'send_games': False, 'send_inline': False, 'embed_links': True, 'send_polls': True, 'change_info': True, 'invite_users': True, 'pin_messages': True, 'manage_topics': True, 'send_photos': True, 'send_videos': True, 'send_roundvideos': False, 'send_audios': False, 'send_voices': True, 'send_docs': True, 'send_plain': False}",1175,[],,,1,0,1,{'channels': ['auraxchan']},['CharlieKirk']
Channel,1481320011,MistyG,"{'_': 'ChatPhoto', 'photo_id': 5134218126731356991, 'dc_id': 1, 'has_video': False, 'stripped_thumb': b'\x01\x08\x08#\xbaRX\x8ePu8\xe9E\x14SH\x1b?'}",2021-01-19 01:22:32+00:00,False,True,True,False,False,False,False,False,False,True,False,False,False,False,False,False,False,False,False,False,False,True,True,906371614261178172,MistyG17,[],,,,27454,[],,,1,1,0,{'channels': ['self']},['CharlieKirk']
Channel,1387645188,RT News,"{'_': 'ChatPhoto', 'photo_id': 2021737064842766249, 'dc_id': 2, 'has_video': False, 'stripped_thumb': b'\x01\x08\x08o\x9f6\xee\xa9\xb7?\xa6h\xa2\x8a\xe6\xb9\x91'}",2018-01-11 11:04:13+00:00,False,True,True,False,False,False,False,False,False,True,False,False,False,False,False,False,False,False,False,False,False,True,True,8072618661710490067,rtnews,[],,,,202732,[],,,1,1,0,{'channels': ['self']},['CharlieKirk']
Channel,1330314395,RT Chat,"{'_': 'ChatPhoto', 'photo_id': 5266996594010601330, 'dc_id': 2, 'has_video': False, 'stripped_thumb': b'\x01\x08\x08\x7f\x92y?i>\xbbq\xfaQE\x15\xc9r\x0f'}",2021-02-01 13:43:41+00:00,False,True,False,False,True,True,False,False,False,True,False,True,False,False,False,False,False,False,False,False,False,True,True,2709901527104787607,rtintl_chat,"[{'_': 'RestrictionReason', 'platform': 'ios', 'reason': 'porn', 'text': 'Sorry, this group is temporarily inaccessible on your device to give its moderators time to clean up after users who posted pornographic content. We will reopen the group as soon as order is restored.'}]",,,"{'_': 'ChatBannedRights', 'until_date': datetime.datetime(2038, 1, 19, 3, 14, 7, tzinfo=datetime.timezone.utc), 'view_messages': False, 'send_messages': False, 'send_media': True, 'send_stickers': True, 'send_gifs': True, 'send_games': True, 'send_inline': True, 'embed_links': True, 'send_polls': True, 'change_info': True, 'invite_users': True, 'pin_messages': True, 'manage_topics': True, 'send_photos': True, 'send_videos': True, 'send_roundvideos': True, 'send_audios': True, 'send_voices': True, 'send_docs': True, 'send_plain': False}",4510,[],,,1,0,1,{'channels': ['rtnews']},['CharlieKirk']
Channel,1435947075,The Trumpist,"{'_': 'ChatPhoto', 'photo_id': 5782772971704792404, 'dc_id': 4, 'has_video': False, 'stripped_thumb': b'\x01\x08\x08\xcf\xf9>\xc9\x8c.\xed\xdd{\xd1E\x14\x01'}",2020-11-30 08:37:04+00:00,False,True,True,False,False,False,False,False,False,True,False,False,False,False,False,False,False,False,False,False,False,True,True,-6692149630950204643,TheTrumpist,[],,,,87191,[],,,4,4,0,{'channels': ['self']},['CharlieKirk']
Channel,1371071380,The Trumpist Group,"{'_': 'ChatPhoto', 'photo_id': 4913708819218016982, 'dc_id': 1, 'has_video': False, 'stripped_thumb': b'\x01\x08\x08\xce81(\xe0w\xa2\x8a(E\xb3'}",2021-01-19 08:55:42+00:00,False,True,False,False,True,False,False,False,False,True,False,False,False,False,False,False,False,False,False,False,False,True,True,5310796579449646759,TheTrumpistGroup,[],,,"{'_': 'ChatBannedRights', 'until_date': datetime.datetime(2038, 1, 19, 3, 14, 7, tzinfo=datetime.timezone.utc), 'view_messages': False, 'send_messages': False, 'send_media': False, 'send_stickers': False, 'send_gifs': False, 'send_games': False, 'send_inline': False, 'embed_links': True, 'send_polls': True, 'change_info': True, 'invite_users': False, 'pin_messages': True, 'manage_topics': False, 'send_photos': False, 'send_videos': False, 'send_roundvideos': False, 'send_audios': False, 'send_voices': False, 'send_docs': False, 'send_plain': False}",1211,[],,,1,0,1,{'channels': ['TheTrumpist']},['CharlieKirk']
Channel,1420364954,il Donaldo Trumpo,"{'_': 'ChatPhoto', 'photo_id': 4924967723797162924, 'dc_id': 1, 'has_video': False, 'stripped_thumb': b'\x01\x08\x08\x88\xec\x16\x00\xe3\x928>\xf4QE8\xb6\xaeid\xcf'}",2021-04-10 19:50:06+00:00,False,True,True,False,False,False,False,False,False,False,False,False,False,False,False,False,False,False,False,False,False,True,True,-4317729163410605430,RealDonaldoTrumpo,[],,,,169843,[],,,1,1,0,{'channels': ['self']},['CharlieKirk']
Channel,1358262728,Mike Lindell,"{'_': 'ChatPhoto', 'photo_id': 4925171760513526294, 'dc_id': 1, 'has_video': False, 'stripped_thumb': b'\x01\x08\x08\x85-\x9bv6\xf1\xdc\xe4\x7f\x8d\x14QN\xc5\x1f'}",2021-01-26 05:25:38+00:00,False,True,True,True,False,False,False,False,False,True,False,False,False,False,False,False,False,False,False,False,False,True,True,6648160615674684891,MichaelJLindell,[],,,,120188,[],,,1,1,0,{'channels': ['self']},['CharlieKirk']
Channel,1323996551,Mike Lindell Chat,"{'_': 'ChatPhoto', 'photo_id': 4981361232804161783, 'dc_id': 1, 'has_video': False, 'stripped_thumb': b'\x01\x08\x08\xcc\xc2\xf9[p2\xdc\xe7\xd2\x8a(\xa6\x07'}",2021-02-10 02:47:33+00:00,False,True,False,False,True,False,False,False,False,True,False,True,False,False,False,False,False,False,False,False,False,True,True,-1779251257012015469,MikeLindellChat,[],,,"{'_': 'ChatBannedRights', 'until_date': datetime.datetime(2038, 1, 19, 3, 14, 7, tzinfo=datetime.timezone.utc), 'view_messages': False, 'send_messages': False, 'send_media': True, 'send_stickers': True, 'send_gifs': True, 'send_games': True, 'send_inline': True, 'embed_links': True, 'send_polls': True, 'change_info': True, 'invite_users': False, 'pin_messages': True, 'manage_topics': False, 'send_photos': True, 'send_videos': True, 'send_roundvideos': True, 'send_audios': True, 'send_voices': True, 'send_docs': True, 'send_plain': False}",1504,[],,,1,0,1,{'channels': ['MichaelJLindell']},['CharlieKirk']
Channel,1436148165,World Freedom Alliance - Official,"{'_': 'ChatPhoto', 'photo_id': 5787206163933280090, 'dc_id': 4, 'has_video': False, 'stripped_thumb': b'\x01\x08\x08\xb7\xba_\xb6\x0c\x86\xc6zQE\x15Fi\xdc'}",2021-01-19 21:11:20+00:00,False,True,True,False,False,False,False,False,False,False,False,False,False,False,False,False,False,False,False,False,False,True,True,-4544598990513510175,WFAorg,[],,,,16044,[],,,1,1,0,{'channels': ['self']},['CharlieKirk']
Channel,1160758840,Breitbart,"{'_': 'ChatPhoto', 'photo_id': 1659662113380083630, 'dc_id': 5, 'has_video': False, 'stripped_thumb': b'\x01\x08\x08\xd6\xf9\xfc\xce\xdbh\xa2\x8a\x06\x7f'}",2017-11-17 02:15:09+00:00,False,True,True,False,False,False,False,False,False,False,False,False,False,False,False,False,False,False,False,False,False,True,True,-7591347153878302967,Breitbart,[],,,,61657,[],,,1,1,0,{'channels': ['self']},['CharlieKirk']
Channel,1265936035,Conservatives On Telegram,"{'_': 'ChatPhoto', 'photo_id': 5021996163204753688, 'dc_id': 1, 'has_video': False, 'stripped_thumb': b'\x01\x08\x08\xd2_;\xed\r\xbbo\x96\x07\x18\xa2\x8a)\x03\xd4'}",2021-01-14 22:48:49+00:00,False,True,True,False,False,False,False,False,False,False,False,False,False,False,False,False,False,False,False,False,False,True,True,-7942461252692488513,ConservativesOnTelegram,[],,,,53426,[],,,1,1,0,{'channels': ['self']},['CharlieKirk']
Channel,1295158110,Viral Polls,"{'_': 'ChatPhoto', 'photo_id': 1263080359574218780, 'dc_id': 1, 'has_video': False, 'stripped_thumb': b'\x01\x08\x08~PG\xc0\x05\xbf\x1a(\xa2\xb0=\x04\xac\x7f'}",2019-12-18 04:35:52+00:00,False,True,True,False,False,False,False,False,False,True,False,False,False,False,False,False,False,False,False,False,False,True,True,9043185238033097209,ViralPolls,[],,,,383,[],,,17,17,0,{'channels': ['self']},['CharlieKirk']
Channel,1459890679,Trump Supporters Channel üá∫üá∏,"{'_': 'ChatPhoto', 'photo_id': 3526623782077835199, 'dc_id': 1, 'has_video': False, 'stripped_thumb': b'\x01\x08\x08\xaf\x15\xca\xa4J:|\xd8\xff\x00\xeb\xd1E\x15i\x8aH'}",2019-12-30 05:22:01+00:00,False,True,True,False,False,False,False,False,False,True,False,False,False,False,False,False,False,False,False,False,False,True,True,-172495787105786418,TrumpChannel,[],,,,188393,[],,,1,1,0,{'channels': ['self']},['CharlieKirk']
Channel,1200851498,Jack Posobiec,"{'_': 'ChatPhoto', 'photo_id': 5134189771357268461, 'dc_id': 1, 'has_video': False, 'stripped_thumb': b'\x01\x08\x08\x87r\xc2\xaa\xe4r\x0e3\xdf\xe9E\x14SBi3'}",2021-01-12 04:45:39+00:00,False,True,True,True,False,False,False,False,False,True,False,False,False,False,False,False,False,False,False,False,False,True,True,-7136973573933719606,Jack_Posobiec,[],,,,147639,[],,
Channel,1136479756,Police frequency,"{'_': 'ChatPhoto', 'photo_id': 5397849253788891237, 'dc_id': 2, 'has_video': False, 'stripped_thumb': b'\x01\x08\x08\xad\t\xb406\xf4\x01\xbe\xb4QE;\x93\xcb~\xa7'}",2017-10-11 14:21:56+00:00,False,True,True,False,False,False,False,False,False,True,False,False,False,False,False,False,False,False,False,False,False,True,True,-8293750922310461719,police_frequency,[],,,,79072,[],,
Channel,1391253363,Midnight Rider Channel üá∫üá∏,"{'_': 'ChatPhoto', 'photo_id': 5082404633409858754, 'dc_id': 1, 'has_video': False, 'stripped_thumb': b""\x01\x08\x08\xa4V\x01\x0eG'\x1d\xcfz(\xa2\x80g""}",2021-01-19 04:53:59+00:00,False,True,True,False,False,False,False,False,False,True,False,False,False,False,False,False,False,False,False,False,False,True,True,-4456163437214263532,realKarliBonne,[],,,,198593,[],,
Channel,1150424885,Patri0tsareinContr0l Ô∏èÔ∏èÔ∏è,"{'_': 'ChatPhoto', 'photo_id': 5015230335583103179, 'dc_id': 1, 'has_video': False, 'stripped_thumb': b'\x01\x08\x08~\xd9\xc4\xb8\xdcv\xe7#\x9e?\xfdTQEZ%\xb3'}",2021-02-21 17:07:18+00:00,False,True,True,False,False,False,False,False,False,False,False,False,False,False,False,False,False,False,False,False,False,True,True,-3421907589613068477,Patri0tsareinContr0l,[],,,,27632,[],,
Channel,1392459919,grandoldmemes,"{'_': 'ChatPhoto', 'photo_id': 4906702043931060409, 'dc_id': 1, 'has_video': False, 'stripped_thumb': b'\x01\x08\x08\xa5\x84\xf2\x00T!\x8a\xf2h\xa2\x8a\x06\xcf'}",2021-01-16 18:27:53+00:00,False,True,True,False,False,False,False,False,False,False,False,False,False,False,False,False,False,False,False,False,False,True,True,-3774175855622316423,grandoldmemes,[],,,,10182,[],,
Channel,1531569003,Raw Egg Nationalist,"{'_': 'ChatPhoto', 'photo_id': 5927011043089955181, 'dc_id': 4, 'has_video': False, 'stripped_thumb': b'\x01\x08\x08\xb6eD\x90\xb38\x03\xa61E\x14P\x07'}",2021-08-04 14:10:25+00:00,False,True,True,False,False,False,False,False,False,True,False,False,False,False,False,False,False,False,False,False,False,True,True,6939692743274397703,raweggnationalistofficial,[],,,,8898,[],,
Channel,1754714046,Culture War Room,"{'_': 'ChatPhoto', 'photo_id': 6096147284703163626, 'dc_id': 5, 'has_video': False, 'stripped_thumb': b'\x01\x08\x08\xad\xf6\x8f\x9b\x1cm\xdb\x8a(\xa2\xa6\xc6\x97?'}",2022-01-17 13:54:20+00:00,False,True,True,False,False,False,False,False,False,False,False,False,False,False,False,False,False,False,False,False,False,True,True,2021539207358923848,CultureWarRoom,[],,,,16738,[],,
Channel,1445593024,The Justice League,"{'_': 'ChatPhoto', 'photo_id': 4967806431982103394, 'dc_id': 1, 'has_video': False, 'stripped_thumb': b'\x01\x08\x08\x91\xae\xa3\xfbq\xc7U\xe4\x9flt\xa2\x8a(\x03'}",2021-01-08 23:10:51+00:00,False,True,True,False,False,False,False,False,False,False,False,False,False,False,False,False,False,False,False,False,False,True,True,3865290612563117293,THEREALTORIABROOKE,[],,,,30772,[],,
Channel,1390659157,ULTRA Pepe Lives Matter üê∏,"{'_': 'ChatPhoto', 'photo_id': 4990061208753254155, 'dc_id': 1, 'has_video': False, 'stripped_thumb': b'\x01\x08\x08\xd3\xcc\x9fk\xfe-\x9bq\x8cq\x9a(\xa2\x80?'}",2021-01-13 16:36:49+00:00,False,True,True,False,False,False,False,False,False,True,False,False,False,False,False,False,False,False,False,False,False,True,True,6028538471807409306,PepeMatter,[],,,,197441,[],,
Channel,1279779603,Woke Societies,"{'_': 'ChatPhoto', 'photo_id': 5033168210660272585, 'dc_id': 1, 'has_video': False, 'stripped_thumb': b'\x01\x08\x08\x97\r\xf6\xac\xee\x97\xcc\xf4\xc7\x1f\xfe\xaa(\xa2\xb2Q\xb9;\x9f'}",2021-02-05 19:43:29+00:00,False,True,True,False,False,False,False,False,False,True,False,False,False,False,False,False,False,False,False,False,False,True,True,-8764059920096886823,WokeSocieties,[],,,,36007,[],,
Channel,1758387125,Woke Societies Chat,"{'_': 'ChatPhoto', 'photo_id': 5158967407623121309, 'dc_id': 1, 'has_video': False, 'stripped_thumb': b'\x01\x08\x08\xb3\xcf\xda\xb3\xbam\xff\x00\xdd\xc7\x1f\x9d\x14QY\xa5q\x1f'}",2022-01-27 16:33:28+00:00,False,True,False,False,True,False,False,False,False,True,False,True,False,False,False,False,False,False,False,False,False,True,True,7249893795573323286,wokesocietieschats,[],,,"{'_': 'ChatBannedRights', 'until_date': datetime.datetime(2038, 1, 19, 3, 14, 7, tzinfo=datetime.timezone.utc), 'view_messages': False, 'send_messages': False, 'send_media': False, 'send_stickers': True, 'send_gifs': True, 'send_games': True, 'send_inline': True, 'embed_links': False, 'send_polls': True, 'change_info': True, 'invite_users': True, 'pin_messages': True, 'manage_topics': False, 'send_photos': False, 'send_videos': False, 'send_roundvideos': False, 'send_audios': False, 'send_voices': False, 'send_docs': False, 'send_plain': False}",1110,[],,
Channel,1529958951,Kari Lake,"{'_': 'ChatPhoto', 'photo_id': 4938274709301209820, 'dc_id': 1, 'has_video': False, 'stripped_thumb': b'\x01\x08\x08l\x88\xc2T \xe1{\xe4\xf5\xa2\x8a*V\xc7J\x9bM\x9f'}",2022-02-10 01:26:14+00:00,False,True,True,True,False,False,False,False,False,True,False,False,False,False,False,False,False,False,False,False,False,True,True,-1764373246419514755,realKariLake,[],,,,30457,[],,
Channel,1984053449,Kari Lake Chat,{'_': 'ChatPhotoEmpty'},2023-04-19 05:07:55+00:00,False,True,False,False,True,False,False,False,False,True,False,True,False,False,False,False,False,False,False,False,False,True,True,8944558320113688638,karilakechatAZ,[],,,"{'_': 'ChatBannedRights', 'until_date': datetime.datetime(2038, 1, 19, 3, 14, 7, tzinfo=datetime.timezone.utc), 'view_messages': False, 'send_messages': False, 'send_media': True, 'send_stickers': True, 'send_gifs': True, 'send_games': True, 'send_inline': True, 'embed_links': True, 'send_polls': True, 'change_info': True, 'invite_users': True, 'pin_messages': True, 'manage_topics': False, 'send_photos': True, 'send_videos': True, 'send_roundvideos': True, 'send_audios': True, 'send_voices': True, 'send_docs': True, 'send_plain': False}",461,[],,
Channel,1179270258,Disclose.tv,"{'_': 'ChatPhoto', 'photo_id': 5393580215210457318, 'dc_id': 2, 'has_video': False, 'stripped_thumb': b'\x01\x08\x08\x83\xfd\x03\xec{\xb6\xa6\xff\x00/oS\xbb\x7f\xd3\xa6(\xa2\x8a\x00'}",2021-01-09 11:51:05+00:00,False,True,True,True,False,False,False,False,False,True,False,False,False,False,False,False,False,False,False,False,False,True,True,1624389856745831378,disclosetv,[],,,,386769,[],,
Channel,1448934279,Disclose.tv Chat,"{'_': 'ChatPhoto', 'photo_id': 5262507275149489656, 'dc_id': 2, 'has_video': False, 'stripped_thumb': b'\x01\x08\x08\xad\xfe\x87\xf6M\xf8\x8fv\xdd\xb8\xe7v\xec~TQE\x00\x7f'}",2021-01-09 12:45:50+00:00,False,True,False,False,True,False,False,False,False,True,False,True,False,False,False,False,False,False,False,False,False,True,True,871572244894761944,disclosetv_chat,[],,,"{'_': 'ChatBannedRights', 'until_date': datetime.datetime(2038, 1, 19, 3, 14, 7, tzinfo=datetime.timezone.utc), 'view_messages': False, 'send_messages': False, 'send_media': True, 'send_stickers': True, 'send_gifs': True, 'send_games': True, 'send_inline': True, 'embed_links': True, 'send_polls': True, 'change_info': True, 'invite_users': True, 'pin_messages': True, 'manage_topics': True, 'send_photos': True, 'send_videos': True, 'send_roundvideos': True, 'send_audios': True, 'send_voices': True, 'send_docs': True, 'send_plain': False}",14807,[],,
Channel,1410273150,TheStormHasArrived17,"{'_': 'ChatPhoto', 'photo_id': 5105090032192039808, 'dc_id': 1, 'has_video': False, 'stripped_thumb': b'\x01\x08\x08\xb5\xb6Q\xa8m\xcfS\xbb?\xec\xfaQE\x14\x01'}",2021-01-18 00:44:00+00:00,False,True,True,False,False,False,False,False,False,False,False,False,False,False,False,False,False,False,False,False,False,True,True,1624429644201633398,TheStormHasArrived17,[],,,,128065,[],,
Channel,1697410513,Russians With Attitude,"{'_': 'ChatPhoto', 'photo_id': 5199873178661402088, 'dc_id': 2, 'has_video': False, 'stripped_thumb': b'\x01\x08\x08\xd2\xfd\xef\xda;l\xdb\xf8\xe6\x8a(\xa0w?'}",2021-11-05 16:18:08+00:00,False,True,True,False,False,False,False,False,False,True,False,False,False,False,False,False,False,False,False,False,False,True,True,2598414480096809573,RWApodcast,[],,,,40088,[],,
Channel,1408963933,Gateway Pundit,"{'_': 'ChatPhoto', 'photo_id': 4902633361282017625, 'dc_id': 1, 'has_video': False, 'stripped_thumb': b'\x01\x08\x08\xbc\x16}\xe3s\xed\x00\xe4\xb6\xee\xbf\x85\x14QP\xe6\xc6\xa2\x7f'}",2021-01-13 16:05:37+00:00,False,True,True,True,False,False,False,False,False,False,False,False,False,False,False,False,False,False,False,False,False,True,True,-5919010948100154437,gatewaypunditofficial,[],,,,97426,[],,
Channel,1177375464,Arktos,"{'_': 'ChatPhoto', 'photo_id': 5767148486272334806, 'dc_id': 4, 'has_video': False, 'stripped_thumb': b'\x01\x08\x08~\xdf\xdd}\x9b\x1f>\xdd\xff\x00\xf0/O\xca\x8a(\xac\xec\x99\xd4\xeaJ;u\xd4'}",2019-08-13 14:46:05+00:00,False,True,True,False,False,False,False,False,False,False,False,False,False,False,False,False,False,False,False,False,False,True,True,-9197730164982610574,arktosmedia,[],,,,4357,[],,
Channel,1974494664,Trump History,"{'_': 'ChatPhoto', 'photo_id': 5962993192469118475, 'dc_id': 4, 'has_video': False, 'stripped_thumb': b'\x01\x08\x08\xaf5\xdec\xe1FG\x04\x1a(\xa2\x92H\xa6\xd9'}",2023-05-07 21:58:34+00:00,False,True,True,False,False,False,False,False,False,False,False,False,False,False,False,False,False,False,False,False,False,True,True,542928675574127852,Trump_History,[],,,,5699,[],,
Channel,1484471145,Natty Light Nationalism,"{'_': 'ChatPhoto', 'photo_id': 4952189269468883147, 'dc_id': 1, 'has_video': False, 'stripped_thumb': b'\x01\x08\x08\xa9ij\x8d\x93/#\xb0\x06\x8a(\xa0\x19'}",2021-01-31 12:11:39+00:00,False,True,True,False,False,False,False,False,False,False,False,False,False,False,False,False,False,False,False,False,False,True,True,4584687429034785549,nattylightnat,[],,,,6392,[],,
Channel,1211378130,War Room: Official Telegram Channel,"{'_': 'ChatPhoto', 'photo_id': 4933935241849055483, 'dc_id': 1, 'has_video': False, 'stripped_thumb': b'\x01\x08\x08\xb6D\xdfj\xc7\xcf\x8d\xd9\xeb\xc6(\xa2\x8aI\x14\xd9'}",2021-01-26 01:03:34+00:00,False,True,True,False,False,False,False,False,False,True,False,False,False,False,False,False,False,False,False,False,False,True,True,6331776664277183454,BannonWarRoom,[],,,,61599,[],,
Channel,1412053777,Charlie Kirk,"{'_': 'ChatPhoto', 'photo_id': 3526623782077835182, 'dc_id': 1, 'has_video': False, 'stripped_thumb': b'\x01\x08\x08\xd0\x13\xc4\xd2\xab\x89>O\xba\x0fbh\xa2\x8aC?'}",2019-06-25 03:41:19+00:00,False,True,True,True,False,False,False,False,False,True,False,False,False,False,False,False,False,False,False,False,False,True,True,4479624393685092681,CharlieKirk,[],,,,161176,[],,
Channel,1209438364,Lauren Witzke ‚úùÔ∏èüá∫üá∏,"{'_': 'ChatPhoto', 'photo_id': 5032871424125151925, 'dc_id': 1, 'has_video': False, 'stripped_thumb': b'\x01\x08\x08\x92{\xa5\x92\xe1\n\x92\x14~\x9c\xd1E\x15\x176\xe4G'}",2020-05-21 20:10:53+00:00,False,True,True,False,False,False,False,False,False,True,False,False,False,False,False,False,False,False,False,False,False,True,True,790556371465260082,LaurenWitzkeOfficial,[],,,,20702,[],,
Channel,1154985723,The End Times,"{'_': 'ChatPhoto', 'photo_id': 1331425886392657861, 'dc_id': 4, 'has_video': False, 'stripped_thumb': b'\x01\x08\x08\xa2Z3h8M\xc3\x8e:\xd1E\x14\x01'}",2019-06-15 07:38:01+00:00,False,True,True,False,False,False,False,False,False,False,False,False,False,False,False,False,False,False,False,False,False,True,True,-7155204564723543290,demacre,[],,,,43318,[],,
Channel,1542220963,R E J E C T M O D E R N I T Y,"{'_': 'ChatPhoto', 'photo_id': 5343671806172706734, 'dc_id': 2, 'has_video': False, 'stripped_thumb': b'\x01\x08\x08\x8b\xedK\xe5\xf9[W\xa7Z(\xa2\x92\xd0L'}",2021-09-17 21:12:36+00:00,False,True,True,False,False,False,False,False,False,True,False,False,False,False,False,False,False,False,False,False,False,True,True,8544529433642575296,rejectm0dernity,[],,,,1488,[],,
Channel,1312540859,Swig,"{'_': 'ChatPhoto', 'photo_id': 4976489872307103957, 'dc_id': 1, 'has_video': False, 'stripped_thumb': b'\x01\x08\x08iui\x03y\x8eq\x8e8\xe2\x8a(\xa9\xb1L'}",2020-11-04 16:34:09+00:00,False,True,True,True,False,False,False,False,False,False,False,False,False,False,False,False,False,False,False,False,False,True,True,9110798776346572994,oldrowswig,[],,,,1637,[],,
Channel,1913964419,Deus Rex Mundi,"{'_': 'ChatPhoto', 'photo_id': 5292252191417029440, 'dc_id': 2, 'has_video': False, 'stripped_thumb': b'\x01\x08\x08\xcc\xd86\xe7\xf8:\xe74QEJ\xd4g'}",2023-08-23 20:41:14+00:00,False,True,True,False,False,False,False,False,False,False,False,False,False,False,False,False,False,False,False,False,False,True,True,-8977814559406425056,DeusRexMundi,[],,,,263,[],,
Channel,1401460680,MILO,"{'_': 'ChatPhoto', 'photo_id': 5040076437922622077, 'dc_id': 1, 'has_video': False, 'stripped_thumb': b'\x01\x08\x08O\xb3\xcaa(#;\xba\x8e{QE\x14\x90\xd9'}",2019-04-12 16:25:27+00:00,False,True,True,False,False,False,False,False,False,True,False,False,False,False,False,False,False,False,False,False,False,True,True,4845068489250781570,MiloClinic,[],,,,21632,[],,
Channel,1845303406,#LoveWins,"{'_': 'ChatPhoto', 'photo_id': 4967882787910692192, 'dc_id': 1, 'has_video': False, 'stripped_thumb': b'\x01\x08\x08\xa2\xa6X&\x1f)\x04t\x06\x8a(\xa0\xd1+\x9f'}",2022-10-06 10:11:16+00:00,False,True,False,False,True,False,False,False,False,True,False,True,False,False,False,False,False,False,False,False,False,True,True,6318642263458828524,milo_chat,[],,,"{'_': 'ChatBannedRights', 'until_date': datetime.datetime(2038, 1, 19, 3, 14, 7, tzinfo=datetime.timezone.utc), 'view_messages': False, 'send_messages': False, 'send_media': False, 'send_stickers': False, 'send_gifs': False, 'send_games': False, 'send_inline': False, 'embed_links': False, 'send_polls': False, 'change_info': True, 'invite_users': True, 'pin_messages': True, 'manage_topics': False, 'send_photos': False, 'send_videos': False, 'send_roundvideos': False, 'send_audios': False, 'send_voices': False, 'send_docs': False, 'send_plain': False}",588,[],,
Channel,1189442596,Paul Serran's Signal to Noise,"{'_': 'ChatPhoto', 'photo_id': 5035044402699021016, 'dc_id': 1, 'has_video': False, 'stripped_thumb': b'\x01\x08\x08\x82\xe2B\x99||\xaa\xc5:\xf58\xebE\x14R\x8cSZ\x9a\xba\x92\x8b\xd0'}",2021-02-12 17:31:56+00:00,False,True,True,False,False,False,False,False,False,False,False,False,False,False,False,False,False,False,False,False,False,True,True,700266784729545421,SignaltoNoiseChannel,[],,,,11153,[],,
Channel,1733813417,Club Sub-Tropicale Medi-Ocher,"{'_': 'ChatPhoto', 'photo_id': 4922442390401297181, 'dc_id': 1, 'has_video': False, 'stripped_thumb': b""\x01\x08\x08\x90\x8c\xb8!~QE\x14U\x18I'c""}",2023-03-09 00:13:21+00:00,False,True,True,False,False,False,False,False,False,False,False,False,False,False,False,False,False,False,False,False,False,True,True,-9070314197020425970,ClubSubT,[],,,,59,[],,
Channel,1653562191,Blofeld‚Äôs Undersea Lair (You Only Live Twice),"{'_': 'ChatPhoto', 'photo_id': 4926989150155025353, 'dc_id': 1, 'has_video': False, 'stripped_thumb': b'\x01\x08\x08\xab\xfb\xd9`Y\x18\x82\x06r\x05\x14QM2\\Q'}",2022-07-02 00:11:23+00:00,False,True,True,False,False,False,False,False,False,False,False,False,False,False,False,False,False,False,False,False,False,True,True,1820181956172541576,UnderwaterLair,[],,,,5937,[],,
Channel,1479163323,Tommy Robinson News,"{'_': 'ChatPhoto', 'photo_id': 6003777634976252070, 'dc_id': 4, 'has_video': False, 'stripped_thumb': b'\x01\x08\x08H\xb6L\xc72n\xdb\xc8\xe7\xb7\xa7\xd6\x8a(\xa8b\xb9'}",2019-02-27 18:30:44+00:00,False,True,True,False,False,False,False,False,False,True,False,False,False,False,False,False,False,False,False,False,False,True,True,-9153213854473462176,TommyRobinsonNews,[],,,,135781,[],,
Channel,1299528948,Tommy Robinson's Official Telegram Chat.,"{'_': 'ChatPhoto', 'photo_id': 5782707997439539070, 'dc_id': 4, 'has_video': False, 'stripped_thumb': b'\x01\x08\x08\x92X\x10j\x01\x81;\x99\xc3\x14\x07\x91\xefE\x14P\xf4\x03'}",2021-01-11 13:40:54+00:00,False,True,False,False,True,True,False,False,False,True,False,True,False,False,False,False,False,False,False,False,False,True,True,-4470656456165166003,tommy_robinson_chat,"[{'_': 'RestrictionReason', 'platform': 'ios', 'reason': 'appleterms', 'text': ""Unfortunately, this group couldn't be displayed on your device.""}, {'_': 'RestrictionReason', 'platform': 'android', 'reason': 'androidterms', 'text': ""Unfortunately, this group can't be displayed on Telegram apps downloaded from the Google Play Store.""}]",,,"{'_': 'ChatBannedRights', 'until_date': datetime.datetime(2038, 1, 19, 3, 14, 7, tzinfo=datetime.timezone.utc), 'view_messages': False, 'send_messages': False, 'send_media': False, 'send_stickers': False, 'send_gifs': True, 'send_games': True, 'send_inline': True, 'embed_links': False, 'send_polls': False, 'change_info': True, 'invite_users': True, 'pin_messages': True, 'manage_topics': False, 'send_photos': False, 'send_videos': False, 'send_roundvideos': False, 'send_audios': False, 'send_voices': False, 'send_docs': False, 'send_plain': False}",5493,[],,
Channel,1292587807,Natalie Winters,"{'_': 'ChatPhoto', 'photo_id': 5407030721341668205, 'dc_id': 2, 'has_video': False, 'stripped_thumb': b'\x01\x08\x08\x89Q~\xccG\x1b\x88\xceh\xa2\x8a\x92\x8f'}",2021-07-20 17:17:50+00:00,False,True,True,False,False,False,False,False,False,False,False,False,False,False,False,False,False,False,False,False,False,True,True,5425711810986654596,NatalieWinters,[],,,,2904,[],,
Channel,1445249867,Tucker Carlson,"{'_': 'ChatPhoto', 'photo_id': 5071514125355559200, 'dc_id': 1, 'has_video': False, 'stripped_thumb': b'\x01\x08\x08\xb6c\x93\xed\xfb\x83>s\x9e\xa7\x1b}(\xa2\x8aCg'}",2021-02-10 05:39:23+00:00,False,True,True,False,False,False,False,False,False,False,False,False,False,False,False,False,False,False,False,False,False,True,True,-3986878408308304683,TuckerFans,[],,,,162161,[],,
Channel,1464373947,Benny Johnson,"{'_': 'ChatPhoto', 'photo_id': 5165838268669996418, 'dc_id': 1, 'has_video': False, 'stripped_thumb': b'\x01\x08\x08\xa0\x04\x7fa9Q\xe6n\xe0\xd1E\x14\x05\xcf'}",2020-11-09 07:27:52+00:00,False,True,True,True,False,False,False,False,False,True,False,False,False,False,False,False,False,False,False,False,False,True,True,-7753720457873659468,BennyJohnson,[],,,,76724,[],,
Channel,1205299143,PatriotAUÔ∏èÔ∏èÔ∏è,"{'_': 'ChatPhoto', 'photo_id': 4983237824274868872, 'dc_id': 1, 'has_video': False, 'stripped_thumb': b'\x01\x08\x08\x8c]1\x83i9;\xb2I=\xbd\xe8\xa2\x8a\xd9;\x19\xb3'}",2021-01-21 03:41:09+00:00,False,True,True,False,False,False,False,False,False,True,False,False,False,False,False,False,False,False,False,False,False,True,True,4580023887757957768,ThePatriotAU,[],,,,13588,[],,
Channel,1187440417,PatriotAU Chat,"{'_': 'ChatPhoto', 'photo_id': 4929667195408066809, 'dc_id': 1, 'has_video': False, 'stripped_thumb': b'\x01\x08\x08A*7\x1bpG9\xa2\x8a+F\x80'}",2021-01-22 23:01:54+00:00,False,True,False,False,True,False,False,False,False,True,False,True,False,False,False,False,False,False,False,False,False,True,True,-7256963234702042436,PatriotAUchat,[],,,"{'_': 'ChatBannedRights', 'until_date': datetime.datetime(2038, 1, 19, 3, 14, 7, tzinfo=datetime.timezone.utc), 'view_messages': False, 'send_messages': False, 'send_media': False, 'send_stickers': False, 'send_gifs': False, 'send_games': False, 'send_inline': False, 'embed_links': False, 'send_polls': False, 'change_info': True, 'invite_users': False, 'pin_messages': True, 'manage_topics': False, 'send_photos': False, 'send_videos': False, 'send_roundvideos': False, 'send_audios': False, 'send_voices': False, 'send_docs': False, 'send_plain': False}",94,[],,
Channel,1301381155,Grrrgraphics Cartoons,"{'_': 'ChatPhoto', 'photo_id': 4977016426707659738, 'dc_id': 1, 'has_video': False, 'stripped_thumb': b'\x01\x08\x08lp\xcf\x1b\x97I\xf6\xb8\xe3\xa7j(\xa2\xa5\xc9\x9a\xa8#'}",2021-01-19 20:29:04+00:00,False,True,True,False,False,False,False,False,False,True,False,False,False,False,False,False,False,False,False,False,False,True,True,-6417727245232587912,realgrrrgraphics,[],,,,3118,[],,
Channel,1301651802,MJTruth,"{'_': 'ChatPhoto', 'photo_id': 5102768860066589657, 'dc_id': 1, 'has_video': False, 'stripped_thumb': b'\x01\x08\x08dV\xdb  \x1f\xe1\xceE\x14QRh\x7f'}",2021-01-19 22:03:03+00:00,False,True,True,False,False,False,False,False,False,True,False,False,False,False,False,False,False,False,False,False,False,True,True,-6074240442250559873,candlesinthenight,[],,,,80925,[],,
Channel,1318801077,The Post Millennial,"{'_': 'ChatPhoto', 'photo_id': 4956347596675328200, 'dc_id': 1, 'has_video': False, 'stripped_thumb': b'\x01\x08\x08\xcf\xdf\x1e\xcf\xe2\xdf\xfaQE\x14\x01'}",2021-02-02 00:34:01+00:00,False,True,True,True,False,False,False,False,False,False,False,False,False,False,False,False,False,False,False,False,False,True,True,-4047005232015641443,ThePostMillennial,[],,,,27881,[],,
Channel,1893512843,Eva Vlaardingerbroek,"{'_': 'ChatPhoto', 'photo_id': 5366272022868515198, 'dc_id': 2, 'has_video': False, 'stripped_thumb': b'\x01\x08\x08\xae\x8b\xb2\xdc\xe4}\xee\xf4QEJe4\x7f'}",2022-12-17 13:51:22+00:00,False,True,True,False,False,False,False,False,False,False,False,False,False,False,False,False,False,False,False,False,False,True,True,-2950718234642018926,EvaVlaardingerbroek,[],,,,5210,[],,
Channel,1912185447,Rare Trump AI Catalog,"{'_': 'ChatPhoto', 'photo_id': 4985525285202012884, 'dc_id': 1, 'has_video': False, 'stripped_thumb': b'\x01\x08\x08\x8d\x11\x95\xca\xca\xbdz\x11E\x14V\x88\xa7^q\xd1\x1f'}",2023-03-30 19:11:18+00:00,False,True,True,False,False,False,False,False,False,False,False,False,False,False,False,False,False,False,False,False,False,True,True,-5016444278997828995,RareTrumps,[],,,,293,[],,
Channel,1544053508,„Éí„Éû„ÉØ„É™‰ºö Sunflower Society,"{'_': 'ChatPhoto', 'photo_id': 4958707745628991469, 'dc_id': 1, 'has_video': False, 'stripped_thumb': b'\x01\x08\x08]\xb7\x7fm\xeas\x9e\xb4QE1\x1f'}",2021-09-02 04:50:25+00:00,False,True,True,False,False,False,False,False,False,False,False,False,False,False,False,False,False,False,False,False,False,True,True,678024746427326851,SunflowerSociety,[],,,,6853,[],,
Channel,1496043828,Scott Presler,"{'_': 'ChatPhoto', 'photo_id': 4909399064349616291, 'dc_id': 1, 'has_video': False, 'stripped_thumb': b'\x01\x08\x08\x92\xf2\xf7e\xe2mRV3\xcf=\x7f\xceh\xa2\x8a,3'}",2019-12-23 04:59:59+00:00,False,True,True,True,False,False,False,False,False,True,False,False,False,False,False,False,False,False,False,False,False,True,True,8718917055289958146,ScottPresler,[],,,,20478,[],,
Channel,1459279278,Paul Joseph Watson,"{'_': 'ChatPhoto', 'photo_id': 3791856717188409259, 'dc_id': 4, 'has_video': False, 'stripped_thumb': b'\x01\x08\x08\x1e\xdd6\x1c!\xeb\x9c\xe3\x9a(\xa2\x80?'}",2019-05-06 21:07:49+00:00,False,True,True,True,False,False,False,False,False,True,False,False,False,False,False,False,False,False,False,False,False,True,True,-5852041379821699257,pjwnews,[],,,,48606,[],,
Channel,1358262728,Mike Lindell,"{'_': 'ChatPhoto', 'photo_id': 4925171760513526294, 'dc_id': 1, 'has_video': False, 'stripped_thumb': b'\x01\x08\x08\x85-\x9bv6\xf1\xdc\xe4\x7f\x8d\x14QN\xc5\x1f'}",2021-01-26 05:25:38+00:00,False,True,True,True,False,False,False,False,False,True,False,False,False,False,False,False,False,False,False,False,False,True,True,6648160615674684891,MichaelJLindell,[],,,,119683,[],,
Channel,1323996551,Mike Lindell Chat,"{'_': 'ChatPhoto', 'photo_id': 4981361232804161783, 'dc_id': 1, 'has_video': False, 'stripped_thumb': b'\x01\x08\x08\xcc\xc2\xf9[p2\xdc\xe7\xd2\x8a(\xa6\x07'}",2021-02-10 02:47:33+00:00,False,True,False,False,True,False,False,False,False,True,False,True,False,False,False,False,False,False,False,False,False,True,True,-1779251257012015469,MikeLindellChat,[],,,"{'_': 'ChatBannedRights', 'until_date': datetime.datetime(2038, 1, 19, 3, 14, 7, tzinfo=datetime.timezone.utc), 'view_messages': False, 'send_messages': False, 'send_media': True, 'send_stickers': True, 'send_gifs': True, 'send_games': True, 'send_inline': True, 'embed_links': True, 'send_polls': True, 'change_info': True, 'invite_users': False, 'pin_messages': True, 'manage_topics': False, 'send_photos': True, 'send_videos': True, 'send_roundvideos': True, 'send_audios': True, 'send_voices': True, 'send_docs': True, 'send_plain': False}",1487,[],,
Channel,1331507956,CognitiveCarbon Public,"{'_': 'ChatPhoto', 'photo_id': 5021832610850122292, 'dc_id': 1, 'has_video': False, 'stripped_thumb': b""\x01\x08\x08p\xb9Q'\xcc\xe3;\x88\xe9\xc7\xff\x00\xaa\x8a(\xaaH\x96\x7f""}",2021-11-12 03:49:23+00:00,False,True,True,False,False,False,False,False,False,False,False,False,False,False,False,False,False,False,False,False,False,True,True,-6643176565610749479,CognitiveCarbonPublic,[],,,,15543,[],,
Channel,1266711647,Raheem Kassam,"{'_': 'ChatPhoto', 'photo_id': 5051079383925762675, 'dc_id': 1, 'has_video': False, 'stripped_thumb': b'\x01\x08\x08\xb6R\x7f\xb7\x86\xc1\xdb\x8e\xbd\xb1\xe9E\x14T\xf2\xf9\x8e\xe7'}",2021-03-10 14:10:51+00:00,False,True,True,False,False,False,False,False,False,True,False,False,False,False,False,False,False,False,False,False,False,True,True,-3037283011509182516,RaheemKassam,[],,,,10480,[],,
Channel,1414430173,Raheem Kassam Chat,"{'_': 'ChatPhoto', 'photo_id': 5053187624457579027, 'dc_id': 1, 'has_video': False, 'stripped_thumb': b'\x01\x08\x08\xb8Ro\xb7\x86\xc1\xdb\x8e\xbd\xbe\x94QE\x17\x0b\x1f'}",2021-03-10 20:26:55+00:00,False,True,False,False,True,False,False,False,False,True,False,True,False,False,False,False,False,False,False,False,False,True,True,-7369217631572580458,RaheemKassamChat,[],,,"{'_': 'ChatBannedRights', 'until_date': datetime.datetime(2038, 1, 19, 3, 14, 7, tzinfo=datetime.timezone.utc), 'view_messages': False, 'send_messages': False, 'send_media': False, 'send_stickers': True, 'send_gifs': True, 'send_games': True, 'send_inline': True, 'embed_links': False, 'send_polls': True, 'change_info': True, 'invite_users': True, 'pin_messages': True, 'manage_topics': False, 'send_photos': False, 'send_videos': False, 'send_roundvideos': False, 'send_audios': False, 'send_voices': False, 'send_docs': False, 'send_plain': False}",335,[],,
Channel,1124034561,Only Street Fighting,"{'_': 'ChatPhoto', 'photo_id': 5400074948791355691, 'dc_id': 2, 'has_video': False, 'stripped_thumb': b'\x01\x08\x08[i%\x7f\xbc\x18\x8c\xf3\xcd\x14QRQ'}",2017-10-10 11:42:41+00:00,False,True,True,False,False,False,False,False,False,True,False,False,False,False,False,False,False,False,False,False,False,True,True,3624478294827776039,onlyfighting,[],,,,104364,[],,
Channel,1786864843,Only talking,{'_': 'ChatPhotoEmpty'},2022-08-14 16:34:29+00:00,False,True,False,False,True,False,False,False,False,True,False,True,False,False,False,False,False,True,False,False,False,True,True,2723678991096907280,onlyfightingchat,[],,,"{'_': 'ChatBannedRights', 'until_date': datetime.datetime(2038, 1, 19, 3, 14, 7, tzinfo=datetime.timezone.utc), 'view_messages': False, 'send_messages': False, 'send_media': False, 'send_stickers': True, 'send_gifs': True, 'send_games': True, 'send_inline': True, 'embed_links': True, 'send_polls': True, 'change_info': True, 'invite_users': False, 'pin_messages': True, 'manage_topics': True, 'send_photos': False, 'send_videos': True, 'send_roundvideos': False, 'send_audios': False, 'send_voices': False, 'send_docs': True, 'send_plain': False}",6747,[],,
Channel,1225790696,Vincent James,"{'_': 'ChatPhoto', 'photo_id': 5098609119815903540, 'dc_id': 1, 'has_video': False, 'stripped_thumb': b'\x01\x08\x08\x8d.\x0c\xd3aIRy\xc6x\xc5\x14QCF\x91wG'}",2019-08-31 08:46:44+00:00,False,True,True,False,False,False,False,False,False,False,False,False,False,False,False,False,False,False,False,False,False,True,True,9080919350405432119,RealVincentJames,[],,,,38366,[],,
Channel,1349618580,LeftyCrypto Chat üåπ,"{'_': 'ChatPhoto', 'photo_id': 5172937759415970005, 'dc_id': 1, 'has_video': False, 'stripped_thumb': b'\x01\x08\x08\x826F,\x84\x00\x80d\x9a(\xa2\x95\x8a\xb9'}",2019-10-20 23:55:23+00:00,False,True,True,False,False,False,False,False,False,True,False,False,False,False,False,False,False,False,False,False,False,True,True,7564482912801096628,Lefty_Crypto,[],,,,3377,[],,
Channel,1778171385,Praying Medic News,"{'_': 'ChatPhoto', 'photo_id': 4913761419682491272, 'dc_id': 1, 'has_video': False, 'stripped_thumb': b'\x01\x08\x08\x829\x95B\xf2\xa4\x96\xe4{QE\x15\x8bH\xe8\x8b\xd0'}",2023-03-06 14:32:39+00:00,False,True,True,False,False,False,False,False,False,False,False,False,False,False,False,False,False,False,False,False,False,True,True,2892232384725678638,PrayingMedicNews,[],,,,14513,[],,
Channel,1676275372,DD Geopolitics,"{'_': 'ChatPhoto', 'photo_id': 5828101914812857816, 'dc_id': 4, 'has_video': False, 'stripped_thumb': b'\x01\x08\x08\xa9\xf2l\xfc(\xa2\x8ad\x1f'}",2022-04-07 13:22:55+00:00,False,True,True,False,False,False,False,False,False,True,False,False,False,False,False,False,False,False,False,False,False,True,True,-9069816735080706215,DDGeopolitics,[],,,,109088,[],,
Channel,1903186953,MVN,"{'_': 'ChatPhoto', 'photo_id': 5275967762784704776, 'dc_id': 2, 'has_video': False, 'stripped_thumb': b'\x01\x08\x08\xa0G\xfa?\xdc\x88\xfc\xbds\xcf\xff\x00\xae\x8a(\xa0\x0f'}",2023-05-09 15:46:25+00:00,False,True,True,False,False,False,False,False,False,True,False,False,False,False,False,False,False,False,False,False,False,True,True,6318515149457449342,MVNWire,[],,,,4291,[],,
Channel,1930521125,MVN Chat,"{'_': 'ChatPhoto', 'photo_id': 5832164361169389162, 'dc_id': 4, 'has_video': False, 'stripped_thumb': b'\x01\x08\x08\x9c1\xcf\xb5\x14Q[r\xa3\x86\xc9\x9f'}",2023-05-09 15:49:12+00:00,False,True,False,False,True,False,False,False,False,True,False,False,False,False,False,False,False,False,False,False,False,True,True,5466356188905704819,resistornewswireukchat,[],,,"{'_': 'ChatBannedRights', 'until_date': datetime.datetime(2038, 1, 19, 3, 14, 7, tzinfo=datetime.timezone.utc), 'view_messages': False, 'send_messages': False, 'send_media': False, 'send_stickers': False, 'send_gifs': False, 'send_games': False, 'send_inline': False, 'embed_links': True, 'send_polls': False, 'change_info': True, 'invite_users': True, 'pin_messages': True, 'manage_topics': True, 'send_photos': True, 'send_videos': True, 'send_roundvideos': False, 'send_audios': False, 'send_voices': False, 'send_docs': True, 'send_plain': False}",142,[],,
Channel,1427137833,Turning Point USA,"{'_': 'ChatPhoto', 'photo_id': 4906919549664866022, 'dc_id': 1, 'has_video': False, 'stripped_thumb': b'\x01\x08\x08\xce;01\x9c\xe2\x8a(\xab\x11'}",2019-10-27 05:18:49+00:00,False,True,True,True,False,False,False,False,False,False,False,False,False,False,False,False,False,False,False,False,False,True,True,-255235952227006972,TPUSA,[],,,,61537,[],,
